Workbook

Sheet Trading Journal
A1: Date | B1: Paire | C1: Timeframe | D1: Stratégie / Setup | E1: Type (Buy/Sell) | F1: Risk Amount | G1: Risk/Reward | H1: Résultat (Win/Loss) | I1: Pips | J1: Capital Avant ($) | K1: Capital Après ($) | L1: Name Screenshot | M1: Notes | N1: État Émotionnel
A2: 12/03/2026 | B2: EURJPY | C2: Daily , H4 , H1, M15 ,M5 | D2: Heltrading ( DKH ) | E2: Sell | F2: 2 | G2: 01:03 | H2: Win | I2: 149 | J2: 20 | K2: =IF(H2="","",IF(H2="Win",J2+(F2*VALUE(RIGHT(G2,1))),IF(H2="Loss",J2-F2,IF(H2="En cours","En cours",J2)))) -> 26 | L2: EURJPY_2026-03-13 041840 | N2: Patient , calme
A3: 15/03/2026 | B3: BTCUSD | C3: Daily , H4 , H1, M15 ,M5 | D3: Heltrading ( DKH ) | E3: Buy | F3: 6 | G3: 01:04 | H3: Win | I3: 258 | J3: 30 | K3: =IF(H3="","",IF(H3="Win",J3+(F3*VALUE(RIGHT(G3,1))),IF(H3="Loss",J3-F3,IF(H3="En cours","En cours",J3)))) -> 54 | L3: BTCUSD_2026-03-15 042122 | N3: Patient , calme
A4: 46097 | B4: CADJPY | C4: Daily , H4 , H1, M15 ,M5 | D4: Heltrading ( DKH ) | E4: Buy | F4: 4.97 | G4: 01:02 | H4: Loss | I4: 88 | J4: 54 | K4: =IF(H4="","",IF(H4="Win",J4+(F4*VALUE(RIGHT(G4,1))),IF(H4="Loss",J4-F4,IF(H4="En cours","En cours",J4)))) -> 49.03 | L4: CADJPY_2026-03-17 042232
A5: 46097 | B5: US30 | C5: Daily , H4 , H1, M15 ,M5 | D5: Heltrading ( DKH ) | E5: Buy | F5: 16.84 | G5: 0.054861111 | H5: En cours | I5: 377749 | J5: 49.03 | K5: =IF(H5="","",IF(H5="Win",J5+(F5*VALUE(RIGHT(G5,1))),IF(H5="Loss",J5-F5,IF(H5="En cours","En cours",J5)))) -> En cours | L5: US30_2026-03-18 041657
K6: =IF(H6="","",IF(H6="Win",J6+(F6*VALUE(RIGHT(G6,1))),IF(H6="Loss",J6-F6,IF(H6="En cours","En cours",J6))))
K7: =IF(H7="","",IF(H7="Win",J7+(F7*VALUE(RIGHT(G7,1))),IF(H7="Loss",J7-F7,IF(H7="En cours","En cours",J7))))
K8: =IF(H8="","",IF(H8="Win",J8+(F8*VALUE(RIGHT(G8,1))),IF(H8="Loss",J8-F8,IF(H8="En cours","En cours",J8))))
K9: =IF(H9="","",IF(H9="Win",J9+(F9*VALUE(RIGHT(G9,1))),IF(H9="Loss",J9-F9,IF(H9="En cours","En cours",J9))))
K10: =IF(H10="","",IF(H10="Win",J10+(F10*VALUE(RIGHT(G10,1))),IF(H10="Loss",J10-F10,IF(H10="En cours","En cours",J10))))
K11: =IF(H11="","",IF(H11="Win",J11+(F11*VALUE(RIGHT(G11,1))),IF(H11="Loss",J11-F11,IF(H11="En cours","En cours",J11))))
K12: =IF(H12="","",IF(H12="Win",J12+(F12*VALUE(RIGHT(G12,1))),IF(H12="Loss",J12-F12,IF(H12="En cours","En cours",J12))))
K13: =IF(H13="","",IF(H13="Win",J13+(F13*VALUE(RIGHT(G13,1))),IF(H13="Loss",J13-F13,IF(H13="En cours","En cours",J13))))
K14: =IF(H14="","",IF(H14="Win",J14+(F14*VALUE(RIGHT(G14,1))),IF(H14="Loss",J14-F14,IF(H14="En cours","En cours",J14))))
K15: =IF(H15="","",IF(H15="Win",J15+(F15*VALUE(RIGHT(G15,1))),IF(H15="Loss",J15-F15,IF(H15="En cours","En cours",J15))))
K16: =IF(H16="","",IF(H16="Win",J16+(F16*VALUE(RIGHT(G16,1))),IF(H16="Loss",J16-F16,IF(H16="En cours","En cours",J16))))
K17: =IF(H17="","",IF(H17="Win",J17+(F17*VALUE(RIGHT(G17,1))),IF(H17="Loss",J17-F17,IF(H17="En cours","En cours",J17))))
... K201: =IF(H201="","",IF(H201="Win",J201+(F201*VALUE(RIGHT(G201,1))),IF(H201="Loss",J201-F201,IF(H201="En cours","En cours",J201))))

Sheet Statistiques
A1: 📊 Statistiques Trading
A2: Total Trades | B2: =COUNTA('Trading Journal'!A2:A201) -> 4
A3: Trades Gagnants ✅ | B3: =COUNTIF('Trading Journal'!H2:H201,"Win") -> 2
A4: Trades Perdants ❌ | B4: =COUNTIF('Trading Journal'!H2:H201,"Loss") -> 1
A5: En cours ⏳ | B5: =COUNTIF('Trading Journal'!H2:H201,"En cours") -> 1
A6: Win Rate (%) | B6: =IF(B3+B4=0,"",ROUND(B3/(B3+B4)*100,1)&"%") -> 66,7%
A7: Capital Initial ($) | B7: ='Trading Journal'!J2 -> 20
A8: Capital Actuel ($) | B8: =IFERROR(LOOKUP(2,1/('Trading Journal'!K2:K201<>""),'Trading Journal'!K2:K201),"—") -> En cours
A9: Profit Total ($) | B9: =IFERROR(SUMIF('Trading Journal'!H2:H201,"Win",'Trading Journal'!K2:K201)-SUMIF('Trading Journal'!H2:H201,"Win",'Trading Journal'!J2:J201)-(SUMIF('Trading Journal'!H2:H201,"Loss",'Trading Journal'!F2:F201)),0) -> 25.03
A10: Risque Moyen ($) | B10: =IFERROR(AVERAGEIF('Trading Journal'!H2:H201,"<>",'Trading Journal'!F2:F201),"—") -> 7.4525
A11: Total Pips | B11: =IFERROR(SUMIF('Trading Journal'!H2:H201,"Win",'Trading Journal'!I2:I201),0) -> 407
A12: Meilleur RR | B12: =IFERROR(MAX(IF('Trading Journal'!H2:H201="Win",VALUE(RIGHT('Trading Journal'!G2:G201,1)))),"—") -> 0
